,logo,logo_LSTM
0,ABT,AAPL_LSTM
1,ABBV,ABT_LSTM
2,ABMD,ABBV_LSTM
3,ACN,ABMD_LSTM
4,ATVI,ACN_LSTM
5,ADBE,ATVI_LSTM
6,AMD,ADBE_LSTM
7,AAP,AMD_LSTM
8,AES,AAP_LSTM
9,AMG,AES_LSTM
10,AFL,AMG_LSTM
11,A,AFL_LSTM
12,APD,A_LSTM
13,AKAM,APD_LSTM
14,ALK,AKAM_LSTM
15,ALB,ALK_LSTM
16,ARE,ALB_LSTM
17,ALXN,ARE_LSTM
18,ALGN,ALXN_LSTM
19,ALLE,ALGN_LSTM
20,AGN,ALLE_LSTM
21,ADS,AGN_LSTM
22,LNT,ADS_LSTM
23,ALL,LNT_LSTM
24,GOOGL,ALL_LSTM
25,GOOG,GOOGL_LSTM
26,MO,GOOG_LSTM
27,AMZN,MO_LSTM
28,AEE,AMZN_LSTM
29,AAL,AEE_LSTM
30,AEP,AAL_LSTM
31,AXP,AEP_LSTM
32,AIG,AXP_LSTM
33,AMT,AIG_LSTM
34,AWK,AMT_LSTM
35,AMP,AWK_LSTM
36,ABC,AMP_LSTM
37,AME,ABC_LSTM
38,AMGN,AME_LSTM
39,APH,AMGN_LSTM
40,APC,APH_LSTM
41,ADI,APC_LSTM
42,ANSS,ADI_LSTM
43,ANTM,ANSS_LSTM
44,AON,ANTM_LSTM
45,AOS,AON_LSTM
46,APA,AOS_LSTM
47,AIV,APA_LSTM
48,AAPL,AIV_LSTM
49,AMAT,AMAT_LSTM
50,ADM,ADM_LSTM
51,ARNC,ARNC_LSTM
52,ANET,ANET_LSTM
53,AJG,AJG_LSTM
54,AIZ,AIZ_LSTM
55,ATO,ATO_LSTM
56,T,T_LSTM
57,ADSK,ADSK_LSTM
